用户头像链接,用户名
//pic.qiushibaike.com/system/avtnew/3788/37883273/thumb/20180805220452.jpg?imageView2/1/w/90/h/90,天热打鼓球
//pic.qiushibaike.com/system/avtnew/3435/34350130/thumb/20180920112927.jpg?imageView2/1/w/90/h/90,晓颜诺诺～
//pic.qiushibaike.com/system/avtnew/3907/39078563/thumb/20180918133756.jpg?imageView2/1/w/90/h/90,骑着二哈啃黄瓜
//pic.qiushibaike.com/system/avtnew/2409/24090248/thumb/20180916230741.jpg?imageView2/1/w/90/h/90,青烟出自坟头
//pic.qiushibaike.com/system/avtnew/540/5403406/thumb/20171025141924.JPEG?imageView2/1/w/90/h/90,哈哈乐哈哈，，，
//pic.qiushibaike.com/system/avtnew/3957/39577940/thumb/20180831203659.jpg?imageView2/1/w/90/h/90,小奇鸽
//pic.qiushibaike.com/system/avtnew/2843/28437800/thumb/20180918193037.jpg?imageView2/1/w/90/h/90,精灵不次饭
//pic.qiushibaike.com/system/avtnew/3880/38804639/thumb/2018060522575792.JPEG?imageView2/1/w/90/h/90,闲来丿无趣
//pic.qiushibaike.com/system/avtnew/3757/37572091/thumb/20180519121541.JPEG?imageView2/1/w/90/h/90,人生若只如初见哥
//pic.qiushibaike.com/system/avtnew/3372/33728473/thumb/2018060313575645.JPEG?imageView2/1/w/90/h/90,Benson01
//pic.qiushibaike.com/system/avtnew/3763/37639716/thumb/2018041200042947.JPEG?imageView2/1/w/90/h/90,鑫爷six
//pic.qiushibaike.com/system/avtnew/3097/30975671/thumb/20180527122218.JPEG?imageView2/1/w/90/h/90,逗比的执笔书生
//pic.qiushibaike.com/system/avtnew/3187/31870965/thumb/20160530141715.jpg?imageView2/1/w/90/h/90,胶原蛋白的秋水
//pic.qiushibaike.com/system/avtnew/1089/10897524/thumb/20180821122831.jpg?imageView2/1/w/90/h/90,尛尛槑
//pic.qiushibaike.com/system/avtnew/2234/22343335/thumb/2016110822222588.JPEG?imageView2/1/w/90/h/90,陆君实
//pic.qiushibaike.com/system/avtnew/3177/31771524/thumb/20180825231508.jpg?imageView2/1/w/90/h/90,种橙子的邓先生
//pic.qiushibaike.com/system/avtnew/2621/26217894/thumb/20180826071349.jpg?imageView2/1/w/90/h/90,聊天不撩妹
//static.qiushibaike.com/images/thumb/missing.png?imageView2/1/w/90/h/90,元婴百科
//pic.qiushibaike.com/system/avtnew/3907/39078563/thumb/20180918133756.jpg?imageView2/1/w/90/h/90,骑着二哈啃黄瓜
//pic.qiushibaike.com/system/avtnew/1780/17803237/thumb/2016081415185573.JPEG?imageView2/1/w/90/h/90,汉皇之后
//pic.qiushibaike.com/system/avtnew/2521/25216936/thumb/20180909144347.jpg?imageView2/1/w/90/h/90,狸土豆大人
//pic.qiushibaike.com/system/avtnew/19/190315/thumb/20180526235026.JPEG?imageView2/1/w/90/h/90,你家邻居叫马乐
//pic.qiushibaike.com/system/avtnew/2755/27553574/thumb/20180427153625.JPEG?imageView2/1/w/90/h/90,砸妳家玻璃
//pic.qiushibaike.com/system/avtnew/3537/35372362/thumb/20180816164601.jpg?imageView2/1/w/90/h/90,强者都是孤独的。
//pic.qiushibaike.com/system/avtnew/3377/33773750/thumb/2017051519073371.PNG?imageView2/1/w/90/h/90,累了就歇歇0
用户头像链接,用户名
//pic.qiushibaike.com/system/avtnew/3180/31806478/thumb/2018061909042894.JPEG?imageView2/1/w/90/h/90,Mr.奥巴马
//pic.qiushibaike.com/system/avtnew/3855/38553075/thumb/20180517230236.JPEG?imageView2/1/w/90/h/90,歌歌哒f
//pic.qiushibaike.com/system/avtnew/2755/27553574/thumb/20180427153625.JPEG?imageView2/1/w/90/h/90,砸妳家玻璃
//pic.qiushibaike.com/system/avtnew/3966/39660037/thumb/20180915115340.jpg?imageView2/1/w/90/h/90,蘑菇鱼点点
//pic.qiushibaike.com/system/avtnew/2693/26935578/thumb/20150324214503.jpg?imageView2/1/w/90/h/90,蛋疼的NL
//pic.qiushibaike.com/system/avtnew/3060/30600804/thumb/20170802090806.JPEG?imageView2/1/w/90/h/90,哥哥放牛的
//pic.qiushibaike.com/system/avtnew/3349/33491754/thumb/20180719164544.jpg?imageView2/1/w/90/h/90,我是煮茶
//pic.qiushibaike.com/system/avtnew/3864/38644561/thumb/2018052321541265.JPEG?imageView2/1/w/90/h/90,温酒斟与你
//pic.qiushibaike.com/system/avtnew/1948/19485921/thumb/20180815004324.jpg?imageView2/1/w/90/h/90,江南烟雨化倾城
//pic.qiushibaike.com/system/avtnew/3796/37968637/thumb/20180419162116.JPEG?imageView2/1/w/90/h/90,℡岳小哥ゞ
//pic.qiushibaike.com/system/avtnew/3149/31495449/thumb/20180801000214.jpg?imageView2/1/w/90/h/90,捉女妖的天师
//pic.qiushibaike.com/system/avtnew/3179/31792183/thumb/20180919070651.jpg?imageView2/1/w/90/h/90,割皮包的小护士
//pic.qiushibaike.com/system/avtnew/2327/23274263/thumb/20171030132837.JPEG?imageView2/1/w/90/h/90,老铁男
//pic.qiushibaike.com/system/avtnew/3447/34473240/thumb/20180804232845.jpg?imageView2/1/w/90/h/90,印卡王武藤游戏
//pic.qiushibaike.com/system/avtnew/3304/33048032/thumb/2016120113524696.JPEG?imageView2/1/w/90/h/90,留名干啥
//pic.qiushibaike.com/system/avtnew/3052/30528937/thumb/20180920183334.jpg?imageView2/1/w/90/h/90,恨钱不成山
//static.qiushibaike.com/images/thumb/anony.png?v=b61e7f5162d14b7c0d5f419cd6649c87,匿名用户
//pic.qiushibaike.com/system/avtnew/2197/21972961/thumb/20180918144828.jpg?imageView2/1/w/90/h/90,漂泊游荡的心
//pic.qiushibaike.com/system/avtnew/3820/38204175/thumb/2018042912515882.JPEG?imageView2/1/w/90/h/90,浅。滴滴
//pic.qiushibaike.com/system/avtnew/3773/37731529/thumb/20180518184807.JPEG?imageView2/1/w/90/h/90,瘾。。酷
//pic.qiushibaike.com/system/avtnew/1402/14026535/thumb/20170120163354.JPEG?imageView2/1/w/90/h/90,苍南下山耍流氓，黑…
//pic.qiushibaike.com/system/avtnew/2016/20164589/thumb/20180813202749.jpg?imageView2/1/w/90/h/90,黄山小妖
//static.qiushibaike.com/images/thumb/anony.png?v=b61e7f5162d14b7c0d5f419cd6649c87,匿名用户
//pic.qiushibaike.com/system/avtnew/3348/33485024/thumb/20170303103140.JPEG?imageView2/1/w/90/h/90,怪小孩v留夏
//pic.qiushibaike.com/system/avtnew/3797/37975285/thumb/20180419224149.JPEG?imageView2/1/w/90/h/90,酷酷的姚先森
